{"distance_to_food": -27.983658943680354, "proximity_to_enemy": -0.8703789990112674, "distance_to_capsule": 27.88680675478243, "food_carrying": 0.20866264219280906, "food_brought_home": 0.587467627600642, "enemy_scared_1": 0.3482652991684192, "distance_to_scared_1": 0.2523804167016136, "enemy_scared_2": 0.11194585049074735, "distance_to_scared_2": 0.6726366196670672, "distance_to_enemy_1": 0.06298739461192757, "distance_to_enemy_2": 0.0009561859260575484, "eat_food": 1.0997008244305526, "eat_scared_1": 0.8264766856025699, "eat_scared_2": 0.04846507969224745}