{"distance_to_food": -46.97450445586768, "proximity_to_enemy": -0.024290092006916505, "distance_to_capsule": 47.370627472510726, "food_carrying": 34.509835002283886, "food_brought_home": -7.200956014296668, "enemy_scared_1": 0.783007995431871, "distance_to_scared_1": 0.8630228211878175, "enemy_scared_2": 0.5079993202428171, "distance_to_scared_2": 0.37332089351727726, "distance_to_enemy_1": -1.9884494130155177, "distance_to_enemy_2": -2.2715386881272477, "eat_food": 1.0848966624085083, "eat_scared_1": 0.04853344977368301, "eat_scared_2": 0.02642946067325458}