{"on_defence": 0.3894262919101347, "num_invaders": -1.5811306692817104, "invader_distance": 0.44193880061050544, "eat_invader": 0.3046994937657126, "stop": 0.2719289094858944, "reverse": -0.3881918726238138}