{"on_defence": 1.2083233827823088, "num_invaders": -3.052032121353365, "invader_distance": 0.3752480148666891, "eat_invader": 1.009818220060639, "stop": -0.16089836625364476, "reverse": 0.44803434927662517}